Dyad,early_rounds,cutoff_round,elapsed_present_rounds,early_round_count,player_rows,consistency_observations,DLIndex_early,Similarity_early,Consistency_early,margin_zero,E_F,E_xy,dominant_score
140-615,"1,2,6,9,10",10,5,5,10,8,0.625,0.602898225677831,0.3600089706120846,False,0.36733248300060534,0.383078231292517,0.59336610396393
142-263,"2,3,4,5,6",6,1,5,10,8,0.503125,0.5457638888888889,0.41534971985809316,False,0.051923656165975704,0.053840493762080444,0.16735438415627926
151-962,"2,3,6,8,9",9,4,5,10,8,0.45625,0.46903409090909093,0.3058117508199042,False,0.2130754272890233,0.19719516594516584,0.4036103749612176
152-727,"1,3,12,14,17",17,12,5,10,8,0.521875,0.3560606060606061,0.3189287813479624,False,0.03428688729935757,0.028942327470945325,0.16353080718850027
216-713,"2,6,9,10,12",12,7,5,10,8,0.015625,0.9921875,0.98046875,False,0.026868409300162023,0.019345238095238092,0.10978875820670997
251-716,"2,3,5,6,9",9,4,5,10,8,0.490625,0.7390737058993637,0.5843405877060917,False,0.5271378017258894,0.5094935701553348,0.620354520695291
261-970,"4,6,7,9,10",10,5,5,10,8,0.6125,0.6956503378378379,0.6577052696078431,False,0.0006467374662412597,0.0003372453797382965,0.01642547727740772
269-653,"4,5,9,10,11",11,6,5,10,8,0.6625,0.5663042100542099,0.2823266143578643,False,0.05985353718395797,0.05963730831315587,0.24357409424362478
277-491,"1,2,4,9,12",12,7,5,10,8,0.64375,0.8467785689857339,0.6804116359092396,False,0.8042755673080558,0.7624185885116377,0.8602153053490122
303-869,"1,5,7,8,13",13,8,5,10,8,0.815625,0.5479200225734803,0.4173487103174603,False,0.013161863103613503,0.011123118460075021,0.10192062625539719
313-199,"4,5,7,10,14",14,9,5,10,8,0.346875,0.779077743902439,0.48718377976190474,False,0.16791503262794816,0.15058106575963717,0.3846581717871381
331-863,"2,3,4,8,11",11,6,5,10,8,0.690625,0.7518777056277056,0.45471040591001294,False,0.012086160745152836,0.011351198895399756,0.08309515028452777
352-425,"2,3,4,6,7",7,2,5,10,8,0.7375,0.6888189935064934,0.2607857458380786,False,0.09632198404423466,0.09300595238095241,0.30496877279641665
354-344,"1,3,5,6,7",7,2,5,10,8,0.415625,0.6952743902439025,0.5071018474108607,False,0.08699372041415177,0.08338764337851927,0.28664554306989537
356-137,"1,5,7,9,13",13,8,5,10,8,0.8125,0.6117760617760617,0.5154724933451642,False,0.002885835232979666,0.0028105398003357247,0.04486263157278345
359-904,"1,4,5,6,11",11,6,5,10,8,0.5,0.6795833333333332,0.51909611869909,False,0.0011658929698396537,0.001681547619047615,0.040915854419248526
379-897,"3,5,10,11,12",12,7,5,10,8,0.48125,0.39072513176131596,0.25854925202282425,False,0.07045643902163722,0.0819072420634921,0.2834733547569205
416-710,"2,3,4,6,7",7,2,5,10,8,0.8625,0.6918653474903474,0.5376794258373205,False,0.0001295636965338189,0.0001244066758536217,0.009280500992289793
419-723,"1,6,8,9,11",11,6,5,10,8,0.69375,0.8649558080808081,0.7174239329381871,False,0.7251723700869894,0.662679694519317,0.8128053369185456
435-261,"1,2,5,6,7",7,2,5,10,8,0.2875,0.21552180870676202,0.126684744661603,False,0.02125696493455146,0.022954660587639317,0.14629846939706173
444-475,"1,3,4,5,6",6,1,5,10,8,0.446875,0.43995159923633,0.22887498883177076,False,0.07507683195754593,0.06176163213376951,0.22640620392304953
462-640,"1,2,4,5,6",6,1,5,10,8,0.290625,0.5375153629265472,0.21873677622758506,False,0.06525544902220218,0.06416316526610648,0.24556642919678454
469-569,"1,2,4,5,8",8,3,5,10,8,0.590625,0.8242123440285205,0.673390518854994,False,0.7777055800668292,0.7457023203683512,0.8599715972445657
475-186,"1,8,15,16,17",17,12,5,10,8,0.196875,0.42771710358784665,0.30348383500557413,False,0.12181549698181739,0.12175134138162307,0.31400959991647526
483-710,"1,2,3,5,6",6,1,5,10,8,0.221875,0.1812277334152334,0.09978649068322981,False,0.05902444181894087,0.0528524612092028,0.17637425703507958
487-811,"1,2,3,4,10",10,5,5,10,8,0.575,0.7293803418803418,0.6219026199494949,False,0.015796116744134933,0.016822610893672554,0.11061652671158664
505-833,"3,4,7,10,12",12,7,5,10,8,0.8125,0.42967575187969925,0.388671875,False,9.965635355829257e-05,8.204327358319749e-05,0.008409932222409119
538-623,"1,2,4,6,8",8,3,5,10,8,0.190625,0.9209703947368422,0.853515625,False,0.6335245552681189,0.616041059280855,0.7832463560256153
546-111,"1,5,7,8,11",11,6,5,10,8,0.946875,0.8851435932685934,0.7817448586979837,False,0.7899638296992224,0.7377578975653072,0.8587748858929237
588-564,"1,9,10,13,14",14,9,5,10,8,0.853125,0.8743612745938328,0.8355084310562437,False,0.791834591333199,0.7509673247997434,0.86523234022786
590-286,"1,4,5,7,8",8,3,5,10,8,0.665625,0.6640625,0.5761058028980823,False,0.011282420916566203,0.012107592699697939,0.08717872523170343
598-684,"1,3,10,12,15",15,10,5,10,8,0.540625,0.44379692192192194,0.18653198653198655,False,0.01569211804376036,0.014643945045381091,0.10174752146896611
618-522,"2,4,9,12,15",15,10,5,10,8,0.56875,0.5700591216216215,0.36363073463975415,False,0.25264170334327785,0.23823330878743254,0.45043002962243234
636-625,"1,2,4,5,8",8,3,5,10,8,0.55,0.7171875,0.6396828631216637,False,0.04975445351193544,0.051947060875632285,0.22646744176671246
637-838,"2,3,5,6,7",7,2,5,10,8,0.6,0.6759154040404041,0.5764188045149485,False,0.053018527760304454,0.05460600907029483,0.17302906968748372
648-175,"2,3,4,5,6",6,1,5,10,8,0.64375,0.6907378463485967,0.6098402338633184,False,0.005283251233163978,0.004443252566044086,0.050448101423513324
656-979,"1,2,4,6,9",9,4,5,10,8,0.446875,0.7898226351351351,0.6496319967536195,False,0.04708185796280655,0.05677910052910055,0.21551126610946778
687-660,"6,10,12,18,19",19,14,5,10,8,0.371875,0.7778365384615384,0.5207570525892967,False,0.2426386523743911,0.23090538847117803,0.36661468644995937
711-459,"1,2,4,5,7",7,2,5,10,8,0.321875,0.5250215517241379,0.18282326086610745,False,0.086307897518207,0.08829761904761903,0.2512942687842473
768-541,"2,4,8,13,15",15,10,5,10,8,0.603125,0.5264938186813186,0.30746949649402805,False,0.023582630546431754,0.02383668984835313,0.15356311708295503
825-534,"1,3,4,5,10",10,5,5,10,8,0.5625,0.8887576312576313,0.708685353016259,False,0.8278961795076833,0.7958420547706255,0.8895267558053341
880-349,"2,3,4,5,6",6,1,5,10,8,0.04375,0.04642857142857143,0.0,False,0.0672845360157046,0.06972789115646262,0.26244532958391203
938-219,"5,6,7,8,9",9,4,5,10,8,0.340625,0.8140625,0.728683277288188,False,0.0370299160395895,0.041498064743138614,0.18953418026596724
947-704,"2,3,4,7,8",8,3,5,10,8,0.575,0.7464704836415363,0.6444469744145451,False,0.028487855815346942,0.02658697843958434,0.13429999940519657
948-444,"3,5,8,11,14",14,9,5,10,8,0.6875,0.839346590909091,0.7163716608530006,False,0.6725219347895336,0.6391715736473799,0.7990783434745743
